St. Louis:STLO Cass:CASS Aitkin:AITK Crow Wing:CROW Carlton:CARL Pine:PINE Mille Lacs:MILL 

